Dataset,Accuracy,Weighted_F1,Benign_F1,Malicious_F1,AUC
stratified_sampling,0.9972011195521792,0.99701826723075,0.8679245283018868,0.9985855728429985,0.9999595305544314
kmeans,1.0,1.0,1.0,1.0,1.0
hdbscan,1.0,1.0,1.0,1.0,1.0
