Dataset,Accuracy,Weighted_F1
stratified_sampling,0.9732107157137145,0.9740030826596762
kmeans,0.9776089564174331,0.9778151893183767
hdbscan,0.9776089564174331,0.9778151893183767
